job_title,company,location,experience,job_url,description
Data Engineer,Dicetek LLC,Dubai - United Arab Emirates (UAE),5 - 8 Years,https://www.naukrigulf.com/data-engineer-jobs-in-dubai-uae-in-dicetek-llc-5-to-8-years-m-cd-41691-jid-290926000088,Roles & Responsibilities
DATA ENGINEER – (DX),STAR SERVICES LLC,Abu Dhabi - United Arab Emirates (UAE),10 - 11 Years,https://www.naukrigulf.com/data-engineer-jobs-in-abu-dhabi-uae-in-star-services-llc-10-to-11-years-n-cd-103104-jid-220926000316,Roles & Responsibilities
Data Engineer,Trigyn Technologies ltd,Beirut - Lebanon,5 - 10 Years,https://www.naukrigulf.com/data-engineer-jobs-in-beirut-lebanon-in-trigyn-technologies-ltd-5-to-10-years-n-cd-373471-jid-220926001127,Roles & Responsibilities
FinTech Data Engineer,Acesoft Labs (India) Pvt Ltd,Dubai - United Arab Emirates (UAE),4 - 8 Years,https://www.naukrigulf.com/fintech-data-engineer-jobs-in-dubai-uae-in-acesoft-labs-pvt-ltd-4-to-8-years-p-cd-295691-jid-170926000773,Roles & Responsibilities
Data Engineer,Dicetek LLC,Abu Dhabi - United Arab Emirates (UAE),5 - 8 Years,https://www.naukrigulf.com/data-engineer-jobs-in-abu-dhabi-uae-in-dicetek-llc-5-to-8-years-m-cd-41691-jid-150926000930,Roles & Responsibilities
Applied AI & Data Engineer,Morgan's Holding Global LLC,"Chandigarh , Chennai , Bangalore - India",5 - 10 Years,https://www.naukrigulf.com/applied-ai-data-engineer-jobs-in-chandigarh-india-in-morgan-s-holding-global-llc-5-to-10-years-n-cd-373189-jid-210926000139,Roles & Responsibilities
Senior Data Engineer (Arabic Speaker),Dicetek LLC,Dubai - United Arab Emirates (UAE),10 - 15 Years,https://www.naukrigulf.com/senior-data-engineer-jobs-in-dubai-uae-in-dicetek-llc-10-to-15-years-m-cd-41691-jid-020926000843,Roles & Responsibilities
Data Engineer/Test,,Abu Dhabi - United Arab Emirates (UAE),5 - 10 Years,https://www.naukrigulf.com/data-engineer-test-jobs-in-abu-dhabi-uae-in-confidential-5-to-10-years-n-jid-020926000526,Roles & Responsibilities
Data Engineer,Acesoft Labs (India) Pvt Ltd,Dubai - United Arab Emirates (UAE),4 - 9 Years,https://www.naukrigulf.com/data-engineer-jobs-in-dubai-uae-in-acesoft-labs-pvt-ltd-4-to-9-years-p-cd-295691-jid-120926000480,Roles & Responsibilities
Data Engineer,,"Wakra , Doha - Qatar",5 - 10 Years,https://www.naukrigulf.com/data-engineer-jobs-in-wakra-qatar-in-confidential-5-to-10-years-n-jid-230626000977,Roles & Responsibilities
Senior Consultant - Data Engineering,MAIR GROUP - P.J.S.C,Abu Dhabi - United Arab Emirates (UAE),5 - 10 Years,https://www.naukrigulf.com/senior-consultant-data-engineering-jobs-in-abu-dhabi-uae-in-mair-group-p-j-s-c-5-to-10-years-n-cd-220727-jid-040826000969,Roles & Responsibilities
Data Engineer,Al Gurg Group,Dubai - United Arab Emirates (UAE),5 - 8 Years,https://www.naukrigulf.com/data-engineer-jobs-in-dubai-uae-in-easa-saleh-al-gurg-llc-5-to-8-years-n-cd-83754-jid-200826000424,Roles & Responsibilities
Snowflake Data Engineer,Applycup Solutions (Client Confidential),Dubai - United Arab Emirates (UAE),8 - 15 Years,https://www.naukrigulf.com/snowflake-data-engineer-jobs-in-dubai-uae-in-applycup-solutions-8-to-15-years-n-cd-363323-jid-120826001146,Roles & Responsibilities
Snowflake Data Engineer,Applycup Solutions (Client Confidential),Dubai - United Arab Emirates (UAE),8 - 15 Years,https://www.naukrigulf.com/snowflake-data-engineer-jobs-in-dubai-uae-in-applycup-solutions-8-to-15-years-n-cd-363323-jid-120826000862,Roles & Responsibilities
Senior Data Engineer,,Riyadh - Saudi Arabia,4 - 10 Years,https://www.naukrigulf.com/senior-data-engineer-jobs-in-riyadh-saudi-arabia-in-devsinc-4-to-10-years-n-cd-40001925-jid-250926500689,Roles & Responsibilities
Data Engineering Manager,,Dubai - United Arab Emirates,8 - 30 Years,https://www.naukrigulf.com/data-engineering-manager-jobs-in-dubai-uae-in-client-of-salt-8-to-30-years-n-cd-10051411-jid-250926500338,Roles & Responsibilities
Senior Data Engineer (Spark),,Cairo - Egypt,3 - 8 Years,https://www.naukrigulf.com/senior-data-engineer-jobs-in-cairo-egypt-in-ssc-egypt-3-to-8-years-n-cd-40000448-jid-240926500775,Roles & Responsibilities
Senior Data Engineer,,United Arab Emirates - United Arab Emirates,7 - 12 Years,https://www.naukrigulf.com/senior-data-engineer-jobs-in-uae-in-capco-7-to-12-years-n-cd-40004067-jid-210926501227,Roles & Responsibilities
Senior Data Engineer (Investment Data),Luxoft,Abu Dhabi - United Arab Emirates,5 - 10 Years,https://www.naukrigulf.com/senior-data-engineer-jobs-in-abu-dhabi-uae-in-luxoft-5-to-10-years-n-cd-10005613-jid-180926500958,Roles & Responsibilities
Data Engineer,,Agadir - Morocco,0 - 5 Years,https://www.naukrigulf.com/data-engineer-jobs-in-agadir-morocco-in-stmicroelectronics-0-to-5-years-n-cd-40001485-jid-210926501469,Roles & Responsibilities
Data Engineer,,Beirut - Lebanon,5 - 10 Years,https://www.naukrigulf.com/data-engineer-jobs-in-beirut-lebanon-in-cme-5-to-10-years-n-cd-10004246-jid-160926500838,Roles & Responsibilities
Senior Data Engineer,,Dubai - United Arab Emirates,5 - 10 Years,https://www.naukrigulf.com/senior-data-engineer-jobs-in-dubai-uae-in-big-data-technology-solutions-5-to-10-years-n-cd-40000435-jid-160926500770,Roles & Responsibilities
Senior Data Engineer,,Riyadh - Saudi Arabia,1 - 6 Years,https://www.naukrigulf.com/senior-data-engineer-jobs-in-riyadh-saudi-arabia-in-future-look-itc-1-to-6-years-n-cd-40005864-jid-160926500780,Roles & Responsibilities
Senior Data Engineer,,Muscat - Oman,7 - 12 Years,https://www.naukrigulf.com/senior-data-engineer-jobs-in-muscat-oman-in-iitjobs-inc-7-to-12-years-n-cd-20010126-jid-180926500129,Roles & Responsibilities
AWS Data Engineer,,Abu Dhabi - United Arab Emirates,5 - 10 Years,https://www.naukrigulf.com/aws-data-engineer-jobs-in-abu-dhabi-uae-in-client-of-salt-5-to-10-years-n-cd-10051411-jid-220926500010,Roles & Responsibilities
Senior Data Engineer,,Muscat - Oman,7 - 10 Years,https://www.naukrigulf.com/senior-data-engineer-jobs-in-muscat-oman-in-iitjobs-inc-7-to-10-years-n-cd-20010126-jid-180926500145,Roles & Responsibilities
"Senior Data Engineer - Systems Architecture, Design & Development",,Ras Al Khaimah - United Arab Emirates,5 - 10 Years,https://www.naukrigulf.com/senior-data-engineer-systems-architecture-design-development-jobs-in-ras-al-khaimah-uae-in-wynn-al-marjan-island-5-to-10-years-n-cd-40003283-jid-080926500112,Roles & Responsibilities
Data Engineer Snowflake,,Qatar - Qatar,5 - 10 Years,https://www.naukrigulf.com/data-engineer-snowflake-jobs-in-qatar-in-capco-5-to-10-years-n-cd-40004067-jid-100926501204,Roles & Responsibilities
Senior Data Engineer,,Cairo - Egypt,4 - 9 Years,https://www.naukrigulf.com/senior-data-engineer-jobs-in-cairo-egypt-in-flairstech-4-to-9-years-n-cd-10006518-jid-090926500892,Roles & Responsibilities
Integration and Data Engineer,,Cairo - Egypt,3 - 5 Years,https://www.naukrigulf.com/integration-and-data-engineer-jobs-in-cairo-egypt-in-client-of-premier-services-recruitment-3-to-5-years-n-cd-10051044-jid-070926501210,Roles & Responsibilities
Lead Data Engineer,,Dubai - United Arab Emirates,5 - 10 Years,https://www.naukrigulf.com/lead-data-engineer-jobs-in-dubai-uae-in-coforge-5-to-10-years-n-cd-20010126-jid-140926501415,Roles & Responsibilities
Senior Data Engineer,,Abu Dhabi - United Arab Emirates,5 - 10 Years,https://www.naukrigulf.com/senior-data-engineer-jobs-in-abu-dhabi-uae-in-client-of-salt-5-to-10-years-n-cd-10051411-jid-140926501544,Roles & Responsibilities
Big Data Engineer L2,,Abu Dhabi - United Arab Emirates,5 - 10 Years,https://www.naukrigulf.com/big-data-engineer-l2-jobs-in-abu-dhabi-uae-in-alef-education-5-to-10-years-n-cd-10005674-jid-210926501514,Roles & Responsibilities
Senior Data Engineer (Flink),,Cairo - Egypt,3 - 8 Years,https://www.naukrigulf.com/senior-data-engineer-jobs-in-cairo-egypt-in-ssc-egypt-3-to-8-years-n-cd-40000448-jid-180926500355,Roles & Responsibilities
Data Engineering Lead,Bosta,Cairo - Egypt,6 - 8 Years,https://www.naukrigulf.com/data-engineering-lead-jobs-in-cairo-egypt-in-bosta-6-to-8-years-n-cd-10009124-jid-130426500594,Roles & Responsibilities
Data Engineering Tech Lead,Deloitte,Egypt - Egypt,7 - 12 Years,https://www.naukrigulf.com/data-engineering-tech-lead-jobs-in-egypt-in-deloitte-7-to-12-years-n-cd-10000270-jid-090726500668,Roles & Responsibilities
Senior Data Engineer,aspire,Jordan - Jordan,5 - 8 Years,https://www.naukrigulf.com/senior-data-engineer-jobs-in-jordan-in-aspire-5-to-8-years-n-cd-10006821-jid-090726501010,Roles & Responsibilities
Data Engineer (L1) - Remote,,Cairo - Egypt,2 - 7 Years,https://www.naukrigulf.com/data-engineer-remote-jobs-in-cairo-egypt-in-deepsource-technologies-2-to-7-years-n-cd-40003186-jid-250526501483,Roles & Responsibilities
"Data Engineering, Senior Tech Lead",Deloitte,Egypt - Egypt,10 - 30 Years,https://www.naukrigulf.com/data-engineering-senior-tech-lead-jobs-in-egypt-in-deloitte-10-to-30-years-n-cd-10000270-jid-090726501342,Roles & Responsibilities
Data Engineer,,Abu Dhabi - United Arab Emirates,3 - 8 Years,https://www.naukrigulf.com/data-engineer-jobs-in-abu-dhabi-uae-in-contango-3-to-8-years-n-cd-40004245-jid-300626500678,Roles & Responsibilities
Data Engineer,,Egypt - Egypt,1 - 6 Years,https://www.naukrigulf.com/data-engineer-jobs-in-egypt-in-nawy-1-to-6-years-n-cd-40000913-jid-300726501029,Roles & Responsibilities
Senior Lead Data Engineer - Databricks,Integrant Inc,Egypt - Egypt,10 - 15 Years,https://www.naukrigulf.com/senior-lead-data-engineer-databricks-jobs-in-egypt-in-integrant-inc-10-to-15-years-n-cd-10000057-jid-280726500865,Roles & Responsibilities
"Data Engineer, Associate",,Cairo - Egypt,1 - 3 Years,https://www.naukrigulf.com/data-engineer-associate-jobs-in-cairo-egypt-in-pricewaterhousecoopers-1-to-3-years-n-cd-10000093-jid-220726500802,Roles & Responsibilities
Senior Data Engineer,,Cairo - Egypt,5 - 10 Years,https://www.naukrigulf.com/senior-data-engineer-jobs-in-cairo-egypt-in-ssc-egypt-5-to-10-years-n-cd-40000448-jid-210826500885,Roles & Responsibilities
Data Engineer (ETL),Luxoft,Cairo - Egypt,1 - 6 Years,https://www.naukrigulf.com/data-engineer-jobs-in-cairo-egypt-in-luxoft-1-to-6-years-n-cd-10005613-jid-210826500832,Roles & Responsibilities
Data Engineer,,Cairo - Egypt,3 - 5 Years,https://www.naukrigulf.com/data-engineer-jobs-in-cairo-egypt-in-ssc-egypt-3-to-5-years-n-cd-40000448-jid-120826500663,Roles & Responsibilities
"Data Engineer, Senior Associate",,Cairo - Egypt,3 - 8 Years,https://www.naukrigulf.com/data-engineer-senior-associate-jobs-in-cairo-egypt-in-pricewaterhousecoopers-3-to-8-years-n-cd-10000093-jid-200726501326,Roles & Responsibilities
Snowflake Data Engineer,,Rabat - Morocco,3 - 6 Years,https://www.naukrigulf.com/snowflake-data-engineer-jobs-in-rabat-morocco-in-sqli-3-to-6-years-n-cd-10000166-jid-130726502498,Roles & Responsibilities
Senior Data Engineer,,Jeddah - Saudi Arabia,5 - 10 Years,https://www.naukrigulf.com/senior-data-engineer-jobs-in-jeddah-saudi-arabia-in-robusta-studio-5-to-10-years-n-cd-40002060-jid-180526500818,Roles & Responsibilities
Senior Data Engineer,,Casablanca - Morocco,3 - 5 Years,https://www.naukrigulf.com/senior-data-engineer-jobs-in-casablanca-morocco-in-mindera-3-to-5-years-n-cd-10009323-jid-190126501753,Roles & Responsibilities
Data Architects / Data Engineers - Telecom & OSS,,Morocco - Morocco,5 - 10 Years,https://www.naukrigulf.com/data-architects-data-engineers-telecom-oss-jobs-in-morocco-in-capgemini-5-to-10-years-n-cd-40000453-jid-040826500424,Roles & Responsibilities
Azure Data Engineer,Ghobash Group,Dubai - United Arab Emirates,1 - 6 Years,https://www.naukrigulf.com/azure-data-engineer-jobs-in-dubai-uae-in-ghobash-group-1-to-6-years-n-cd-10001515-jid-050826500600,Roles & Responsibilities
Data Engineer Consultant,,Jeddah - Saudi Arabia,5 - 7 Years,https://www.naukrigulf.com/data-engineer-consultant-jobs-in-jeddah-saudi-arabia-in-total-tech-co-5-to-7-years-n-cd-40002893-jid-040626500957,Roles & Responsibilities
Senior Data Engineer,,Dubai - United Arab Emirates,5 - 7 Years,https://www.naukrigulf.com/senior-data-engineer-jobs-in-dubai-uae-in-bamboo-card-5-to-7-years-n-cd-40001779-jid-160726501469,Roles & Responsibilities
Data Engineer,,"Casablanca - Morocco , Rabat - Morocco",3 - 6 Years,https://www.naukrigulf.com/data-engineer-jobs-in-casablanca-morocco-in-sqli-3-to-6-years-n-cd-10000166-jid-130726502448,Roles & Responsibilities
Senior Data Engineer,,Egypt - Egypt,4 - 6 Years,https://www.naukrigulf.com/senior-data-engineer-jobs-in-egypt-in-nawy-4-to-6-years-n-cd-40000913-jid-080726501192,Roles & Responsibilities
Senior Data Engineer,Bosta,Cairo - Egypt,4 - 9 Years,https://www.naukrigulf.com/senior-data-engineer-jobs-in-cairo-egypt-in-bosta-4-to-9-years-n-cd-10009124-jid-260526500643,Roles & Responsibilities
Cloudera Data Engineer,,Dubai - United Arab Emirates,2 - 5 Years,https://www.naukrigulf.com/cloudera-data-engineer-jobs-in-dubai-uae-in-midis-group-2-to-5-years-n-cd-10001626-jid-160126500161,Roles & Responsibilities
Microsoft Fabric Data Engineer,,Beirut - Lebanon,5 - 10 Years,https://www.naukrigulf.com/microsoft-fabric-data-engineer-jobs-in-beirut-lebanon-in-sucafina-5-to-10-years-n-cd-10050787-jid-270726500744,Roles & Responsibilities
Data Engineer,,Dubai - United Arab Emirates,5 - 10 Years,https://www.naukrigulf.com/data-engineer-jobs-in-dubai-uae-in-client-of-involved-solutions-5-to-10-years-n-cd-50000290-jid-130826500293,Roles & Responsibilities
Data Engineer (AMI),,Dubai - United Arab Emirates,3 - 8 Years,https://www.naukrigulf.com/data-engineer-jobs-in-dubai-uae-in-client-of-angel-gulf-jobs-3-to-8-years-n-cd-50000695-jid-030826500912,Roles & Responsibilities
Senior Data Analyst / Data Engineer,,Dubai - United Arab Emirates,4 - 11 Years,https://www.naukrigulf.com/senior-data-analyst-data-engineer-jobs-in-dubai-uae-in-blackstone-eit-4-to-11-years-n-cd-40001328-jid-170826500209,Roles & Responsibilities
Data Engineer,,Cairo - Egypt,2 - 7 Years,https://www.naukrigulf.com/data-engineer-jobs-in-cairo-egypt-in-intelligent-systems-isys-2-to-7-years-n-cd-40005751-jid-260826500178,Roles & Responsibilities
Senior Data Engineer,,Cairo - Egypt,5 - 10 Years,https://www.naukrigulf.com/senior-data-engineer-jobs-in-cairo-egypt-in-blackstone-eit-5-to-10-years-n-cd-40001328-jid-210826500621,Roles & Responsibilities
Mid/Senior Data Engineer,,"Alexandria - Egypt , Cairo - Egypt",3 - 7 Years,https://www.naukrigulf.com/mid-senior-data-engineer-jobs-in-alexandria-egypt-in-yassir-3-to-7-years-n-cd-40000091-jid-130826500931,Roles & Responsibilities
Mid/Senior Data Engineer,,Tunis - Tunisia,3 - 8 Years,https://www.naukrigulf.com/mid-senior-data-engineer-jobs-in-tunis-tunisia-in-yassir-3-to-8-years-n-cd-40000091-jid-120826500909,Roles & Responsibilities
Technical Data Engineer,,Lebanon - Lebanon,1 - 5 Years,https://www.naukrigulf.com/technical-data-engineer-jobs-in-lebanon-in-apgar-group-1-to-5-years-n-cd-40005562-jid-300726501108,Roles & Responsibilities
Data Engineer,,Rabat - Morocco,5 - 7 Years,https://www.naukrigulf.com/data-engineer-jobs-in-rabat-morocco-in-sqli-5-to-7-years-n-cd-10000166-jid-130726502503,Roles & Responsibilities
PRINCIPAL DATA ENGINEER,,Giza - Egypt,6 - 11 Years,https://www.naukrigulf.com/principal-data-engineer-jobs-in-giza-egypt-in-commercial-international-bank-6-to-11-years-n-cd-10003135-jid-220726500645,Roles & Responsibilities
Senior Talend Data Engineer,,Rabat - Morocco,3 - 5 Years,https://www.naukrigulf.com/senior-talend-data-engineer-jobs-in-rabat-morocco-in-sqli-3-to-5-years-n-cd-10000166-jid-130726502455,Roles & Responsibilities
Data Engineer JAVA KAFKA,,Rabat - Morocco,2 - 7 Years,https://www.naukrigulf.com/data-engineer-java-kafka-jobs-in-rabat-morocco-in-sqli-2-to-7-years-n-cd-10000166-jid-130726502444,Roles & Responsibilities
GCP (Google Cloud Platform) Data Engineer,,Rabat - Morocco,3 - 10 Years,https://www.naukrigulf.com/gcp-data-engineer-jobs-in-rabat-morocco-in-sqli-3-to-10-years-n-cd-10000166-jid-130726502426,Roles & Responsibilities
Senior Data Engineer,,Rabat - Morocco,5 - 10 Years,https://www.naukrigulf.com/senior-data-engineer-jobs-in-rabat-morocco-in-sqli-5-to-10-years-n-cd-10000166-jid-130726502415,Roles & Responsibilities
Data Engineer MS Fabric PySpark (H/F),,Rabat - Morocco,3 - 6 Years,https://www.naukrigulf.com/data-engineer-ms-fabric-pyspark-jobs-in-rabat-morocco-in-sqli-3-to-6-years-n-cd-10000166-jid-130726502361,Roles & Responsibilities
Data Engineer DBT SQL,,Rabat - Morocco,2 - 7 Years,https://www.naukrigulf.com/data-engineer-dbt-sql-jobs-in-rabat-morocco-in-devoteam-international-2-to-7-years-n-cd-10002691-jid-080726501086,Roles & Responsibilities
Senior Data Engineer,,Riyadh - Saudi Arabia,8 - 13 Years,https://www.naukrigulf.com/senior-data-engineer-jobs-in-riyadh-saudi-arabia-in-mirai-arabian-international-company-limited-8-to-13-years-n-cd-40002250-jid-260626500647,Roles & Responsibilities
Data Engineer,,Cairo - Egypt,0 - 3 Years,https://www.naukrigulf.com/data-engineer-jobs-in-cairo-egypt-in-fixed-misr-0-to-3-years-n-cd-40004867-jid-280426500501,Roles & Responsibilities
Data Engineer (Mid/Senior),,Algiers - Algeria,3 - 8 Years,https://www.naukrigulf.com/data-engineer-jobs-in-algiers-algeria-in-yassir-3-to-8-years-n-cd-40000091-jid-070426500589,Roles & Responsibilities
Pavement Data Engineer,,Qatar - Qatar,5 - 10 Years,https://www.naukrigulf.com/pavement-data-engineer-jobs-in-qatar-in-client-of-guildhall-5-to-10-years-n-cd-10050663-jid-010926500440,Roles & Responsibilities
"Data Engineer - DMP, Streaming & Analytics",,Algiers - Algeria,5 - 10 Years,https://www.naukrigulf.com/data-engineer-dmp-streaming-analytics-jobs-in-algiers-algeria-in-yassir-5-to-10-years-n-cd-40000091-jid-110926501181,Roles & Responsibilities
Senior Data Engineer,,Qatar - Qatar,1 - 6 Years,https://www.naukrigulf.com/senior-data-engineer-jobs-in-qatar-in-flairstech-1-to-6-years-n-cd-10006518-jid-090926500928,Roles & Responsibilities
Data Engineer,,Rabat - Morocco,2 - 6 Years,https://www.naukrigulf.com/data-engineer-jobs-in-rabat-morocco-in-sqli-2-to-6-years-n-cd-10000166-jid-130726502378,Roles & Responsibilities
Data Engineer,,Beirut - Lebanon,1 - 3 Years,https://www.naukrigulf.com/data-engineer-jobs-in-beirut-lebanon-in-midis-group-1-to-3-years-n-cd-10001626-jid-240426500702,Roles & Responsibilities
Data Analyst,TalentKTM,Abu Dhabi - United Arab Emirates (UAE),0 - 2 Years,https://www.naukrigulf.com/data-analyst-jobs-in-abu-dhabi-uae-in-talentktm-0-to-2-years-n-cd-373625-jid-230926000016,Roles & Responsibilities
Senior AI/ML Engineer,Dicetek LLC,Dubai - United Arab Emirates (UAE),3 - 8 Years,https://www.naukrigulf.com/senior-ai-ml-engineer-jobs-in-dubai-uae-in-dicetek-llc-3-to-8-years-m-cd-41691-jid-240926000261,Roles & Responsibilities
AML Technical Support & Data Specialist,Dicetek LLC,Abu Dhabi - United Arab Emirates (UAE),3 - 8 Years,https://www.naukrigulf.com/aml-technical-support-data-specialist-jobs-in-abu-dhabi-uae-in-dicetek-llc-3-to-8-years-m-cd-41691-jid-230926000147,Roles & Responsibilities
AI Integration Developer,SCRIPT FOR INFORMATION TECHNOLOGY CO. W.L.L,Manama - Bahrain,2 - 4 Years,https://www.naukrigulf.com/ai-integration-developer-jobs-in-manama-bahrain-in-script-for-information-technology-co-w-l-l-2-to-4-years-n-cd-332265-jid-230926000095,Roles & Responsibilities
Data Architect,SUNDUS MANAGEMENT CONSULTANCY & STUDIES BUREAUL.L.C,Abu Dhabi - United Arab Emirates (UAE),7 - 10 Years,https://www.naukrigulf.com/data-architect-jobs-in-abu-dhabi-uae-in-sundus-consultancy-7-to-10-years-m-cd-31713-jid-230926000170,Roles & Responsibilities
Data & AI Solutions & Delivery Lead,Dicetek LLC,Dubai - United Arab Emirates (UAE),10 - 15 Years,https://www.naukrigulf.com/data-ai-solutions-delivery-lead-jobs-in-dubai-uae-in-dicetek-llc-10-to-15-years-m-cd-41691-jid-230926000157,Roles & Responsibilities
AI Integration Engineer,NXGEN Technology AG,"Tamil Nadu , Coimbatore - India",3 - 6 Years,https://www.naukrigulf.com/ai-integration-engineer-jobs-in-india-in-nxgen-technology-ag-3-to-6-years-n-cd-369565-jid-160926000583,Roles & Responsibilities
